{"cameraMode":{"drawMode":0,"name":"Shaded","section":"Shading Mode"},"sceneLighting":false,"audioPlay":false,"sceneViewState":{"showFog":true,"showMaterialUpdate":false,"showSkybox":false,"showFlares":true,"showImageEffects":true,"showParticleSystems":true},"in2DMode":false,"pivot":{"x":0.0,"y":6.739999771118164,"z":9.079999923706055},"rotation":{"x":0.04419425129890442,"y":0.18650725483894349,"z":-0.008398636244237423,"w":0.9814292788505554},"size":0.70710688829422,"orthographic":false}