{"cameraMode":{"drawMode":0,"name":"Shaded","section":"Shading Mode"},"sceneLighting":true,"audioPlay":false,"sceneViewState":{"showFog":true,"showMaterialUpdate":false,"showSkybox":true,"showFlares":true,"showImageEffects":true,"showParticleSystems":true},"in2DMode":false,"pivot":{"x":1.683082103729248,"y":0.07830052822828293,"z":6.602614879608154},"rotation":{"x":0.10060105472803116,"y":0.15367816388607026,"z":-0.015729613602161409,"w":0.9828627109527588},"size":6.7168073654174809,"orthographic":false}